nome,ticker,setor,segAtuacao,descricao,preco_atual,variacao_dia,market_cap,P/L,ROE,debtToEquity,dividendYield,freeCashflow,ebitdaMargins,Beta,Liqui Corrente,Vol Med Diário,Margem Operacional,Máxima 52 Semanas,Mínima 52 Semanas,resumo_negocio,analise_fundamentos,noticias_json,sentimentos_json,perguntas_json,erro
Sendas Distribuidora S.A.,ASAI3,Consumer Defensive,Grocery Stores,"Sendas Distribuidora S.A. engages in the retail and wholesale sale of food products, bazaar items, and other products in Brazil. The company offers grocery, food, perishable, beverage, wrapping, and hygiene products; and parking, air-conditioned, well-lit environments, and butcher services. It serves restaurants, pizzerias, snack bars, schools, small businesses, religious institutions, hospitals, hotels, grocery stores, neighborhood supermarkets, and individuals. The company sells its products through brick-and-mortar stores, as well as telesales. The company was founded in 1974 and is headquartered in Rio De Janeiro, Brazil.",8.69,5.8465233,11659740160,12.779411,0.09196,482.121,1.37,435875008.0,0.07553,0.43,1.058,16210153,0.0577,12.04,6.91,"A Sendas Distribuidora S.A. atua no varejo e atacarejo de alimentos e outros produtos no Brasil, gerando valor por meio da oferta de uma ampla gama de produtos e serviços, como produtos frescos, congelados e secos, além de serviços de cortes de carne e outros. O modelo de negócio da empresa se baseia na eficiência operacional e na capacidade de manter preços competitivos, o que permite atrair e reter clientes. Além disso, a empresa busca expandir sua presença no mercado por meio da abertura de novas lojas e da melhoria da experiência do cliente.","Os indicadores fundamentais da Sendas Distribuidora S.A. apresentam uma mistura de pontos positivos e negativos. O ROE de 0,09196% é relativamente baixo, o que pode indicar uma gestão menos eficiente do capital. No entanto, a margem EBITDA de 0,07553% e a margem operacional de 0,0577% são razoáveis, sugerindo que a empresa consegue manter uma certa eficiência operacional. Além disso, o fluxo de caixa livre de R$ 435.875.008,00 é um ponto positivo, indicando que a empresa tem capacidade de gerar caixa. O beta de 0,43 sugere que a ação tem uma volatilidade relativamente baixa em relação ao mercado. O preço atual de R$ 8,69 está dentro de 35% do range de 52 semanas, o que pode indicar um momento de compra ou venda dependendo da perspectiva do investidor.","{""positivas"": [], ""negativas"": [""Inflação de alimentos em alta pode impactar negativamente a empresa"", ""Varejo tem 4º tri desafiador com pressão no consumo e balanços fracos""], ""neutras"": [""Nvidia e OpenAI disparam com novas projeções de receita"", ""8 ações sobem mais de 10% e 8 caem mais de 10%: os destaques do Ibovespa em fevereiro""]}",{},"[""Qual é o impacto da inflação de alimentos na margem de lucro da empresa?"", ""Como a empresa planeja expandir sua presença no mercado e melhorar a experiência do cliente?"", ""Qual é o potencial de crescimento da empresa em relação ao setor de varejo e atacarejo?""]",
Petroreconcavo S.A.,RECV3,Energy,Oil & Gas E&P,"Petroreconcavo S.A. engages in the exploration and production of oil and natural gas in Brazil. The company was founded in 1999 and is headquartered in Mata de São João, Brazil.",13.58,2.105261,3978640128,6.2293577,0.13571,53.307,15.13,-995250624.0,0.47425,0.078,2.158,4516963,0.20041999,16.96,10.07,"A Petroreconcavo S.A. é uma empresa de exploração e produção de petróleo e gás natural no Brasil, com foco em gerar valor através da descoberta e desenvolvimento de reservas de hidrocarbonetos. A empresa busca criar valor para seus acionistas por meio da maximização da produção e da eficiência operacional. No entanto, o setor de energia é altamente dependente dos preços do petróleo e gás natural, o que pode afetar a rentabilidade da empresa.","Os fundamentos da Petroreconcavo S.A. apresentam alguns desafios. O P/L de 6,23 indica que a empresa está sendo negociada a um múltiplo de preços razoável, considerando o setor. No entanto, o ROE de 0,14% é relativamente baixo, o que pode indicar uma gestão menos eficiente ou uma margem de lucro apertada. A dívida não é mencionada explicitamente, mas o fluxo de caixa operacional negativo (-995 milhões) é um sinal de alerta. O beta de 0,078 sugere que a ação tem uma volatilidade muito baixa em relação ao mercado, o que pode ser atraente para investidores mais conservadores. A liquidez corrente de 2,16 é razoável, indicando que a empresa tem capacidade de pagar suas obrigações de curto prazo.","{""positivas"": [""Ações da Petrobras, da PRIO e de outras petroleiras sobem com nova alta do petróleo""], ""negativas"": [""Ibovespa cai 2,25% e vai para mínima em 2 meses sem sinais de arrefecimento de guerra""], ""neutras"": [""Ibovespa reage e fecha em alta de 0,35%, com Hapvida em destaque"", ""Ibovespa fecha em alta com Petrobras em meio a sinais contraditórios no Oriente Médio"", ""Ibovespa “orbita” nos 182 mil pontos com Petrobras apesar de receio com Oriente Médio""]}",{},"[""Como a empresa planeja lidar com a volatilidade dos preços do petróleo e gás natural?"", ""Quais são as principais iniciativas da empresa para melhorar sua eficiência operacional e aumentar a produção?"", ""De que forma a empresa pretende equilibrar sua estratégia de crescimento com a necessidade de manter uma saúde financeira sólida?""]",
Movida Participações S.A.,MOVI3,Industrials,Rental & Leasing Services,"Movida Participações S.A., through its subsidiaries, provides car rental services in Brazil. It operates in two segments, Rent-a-Car, and Fleet Management and Outsourcing (GTF). The company offers light vehicle rental services; fleet management and outsourcing services; fleet sizing study, including acquisition, customization, and standardization of the customer's fleet; management of maintenance, provision of temporary vehicles, spare car, documentation management, and demobilization; and corrective and preventive maintenance, insurance, tire replacement, and replacement vehicles for maintenance periods. It also sells pre-owned cars. The company was formerly known as H.L.C.S.P.E Empreendimentos e Participações S.A. and changed its name to Movida Participações S.A. in December 2014. The company was founded in 2006 and is based in São Paulo, Brazil. Movida Participações S.A. operates as a subsidiary of Simpar S.A.",12.19,-2.8685308,4190660096,13.395603,0.116610005,763.605,7.5,3983031040.0,0.36856997,0.351,0.556,4892409,0.2325,14.97,4.64,"A Movida Participações S.A. é uma empresa de aluguel de carros que opera no Brasil, oferecendo serviços de aluguel de veículos leves e gestão de frota. Sua geração de valor vem da capacidade de oferecer serviços personalizados e eficientes para seus clientes, além de manter uma frota diversificada e bem gerenciada. A empresa busca crescer por meio da expansão de seus serviços e da melhoria contínua de sua eficiência operacional.","Os fundamentos da Movida apresentam alguns pontos positivos, como o lucro líquido crescente, com alta de 64,5% no quarto trimestre de 2025. No entanto, o ROE de 0,1166 é relativamente baixo, o que pode indicar uma gestão de capital menos eficiente. Além disso, a dívida não é mencionada explicitamente, mas a liquidez corrente de 0,556 pode ser considerada baixa, o que pode aumentar o risco de curto prazo. O beta de 0,351 indica uma volatilidade relativamente baixa em relação ao mercado, o que pode ser visto como positivo. O preço atual de R$ 12,19 está próximo do mínimo de 52 semanas, o que pode ser um sinal de valorização.","{""positivas"": [""Lucro líquido cresceu mais que 65% na comparação com o ano anterior""], ""negativas"": [""Ação recua mais de 2%""], ""neutras"": [""A Movida reportou resultados do quarto trimestre de 2025"", ""A Simpar, juntamente com a Movida e a Vamos, anunciou aprovação de aumento de capital privado""]}","{""lucro líquido"": ""positivo"", ""ROE"": ""negativo"", ""dívida"": ""neutro"", ""liquidez corrente"": ""negativo"", ""beta"": ""positivo""}","[""Qual é o impacto da concorrência no setor de aluguel de carros no Brasil?"", ""Como a Movida planeja expandir seus serviços e melhorar sua eficiência operacional?"", ""Qual é o potencial de crescimento da empresa nos próximos 3 a 5 anos?""]",
Braskem S.A.,BRKM5,Basic Materials,Chemicals,"Braskem S.A., together with its subsidiaries, engages in the manufacture, sale, import, and export of chemicals, petrochemicals, and fuels in Brazil. It produces and sells polyethylene (PE), polypropylene, tertiary-butyl ethyl ether, gasoline, benzene, toluene, xylene, ethylene, propylene, polyvinyl chloride, caustic soda, butadiene, cumene, naphtha, solvents, and condensate; thermoplastic resins; and basic petrochemicals. The company also supplies electricity and other inputs to second-generation producers; and sale of utilities such as steam, water, compressed air and industrial gases, as well as provides industrial services and natural gas. It also operates in the United States, Mexico, Switzerland, Argentina, Germany, Japan, the Netherlands, Singapore, Chile, Spain, Peru, Italy, Luxembourg, China, and internationally. The company was formerly known as Copene Petroquímica do Nordeste S.A. and changed its name to Braskem S.A. in 2002. Braskem S.A. was founded in 1972 and is headquartered in São Paulo, Brazil. Braskem S.A. is a subsidiary of NSP Investimentos S.A.",9.05,-10.837434,7212563968,,,,,-7746124800.0,-0.00481,0.851,1.175,4849596,-0.096540004,13.78,6.11,"A Braskem é uma empresa de petroquímica que gera valor através da produção e venda de produtos químicos e petroquímicos. No entanto, o modelo de negócio da empresa está exposto a riscos relacionados a flutuações nos preços dos commodities e à concorrência no mercado. A geração de valor da empresa depende da sua capacidade de manter margens de lucro saudáveis e de investir em tecnologias e processos eficientes.","Os fundamentos da Braskem apresentam desafios significativos, com um prejuízo líquido de R$ 10,2 bilhões no 4º trimestre de 2025 e uma margem EBITDA negativa. Além disso, a empresa apresenta um fluxo de caixa operacional negativo e uma dívida significativa. No entanto, a liquidez corrente da empresa é razoável, o que pode ajudar a mitigar alguns riscos. O beta da ação é de 0,851, o que sugere uma volatilidade inferior à do mercado, mas o preço da ação está atualmente em 38% do seu range de 52 semanas, o que pode indicar um momento de compra.","{""positivas"": [""A alta de spreads com a continuação da guerra no Oriente Médio pode trazer ganhos operacionais para a Braskem.""], ""negativas"": [""O prejuízo líquido de R$ 10,2 bilhões no 4º trimestre de 2025 e a margem EBITDA negativa são indicadores de desempenho ruim da empresa.""], ""neutras"": [""O Ibovespa Futuro recua devido às incertezas em torno da guerra no Oriente Médio, o que pode afetar a Braskem.""]}","{""geral"": ""neutro"", ""preco_da_acao"": ""desvalorizado"", ""fundamentos"": ""ruim"", ""noticias"": ""neutras""}","[""Qual é o impacto da guerra no Oriente Médio nos preços dos commodities e na margem de lucro da Braskem?"", ""Como a empresa planeja recuperar-se do prejuízo líquido de R$ 10,2 bilhões no 4º trimestre de 2025?"", ""Quais são as principais medidas que a Braskem pode tomar para melhorar sua eficiência operacional e reduzir custos?""]",
Hidrovias do Brasil S.A.,HBSA3,Industrials,Integrated Freight & Logistics,"Hidrovias do Brasil S.A., together with its subsidiaries, provides integrated logistics solutions for waterways in Brazil and internationally. The company is involved in transportation of goods; construction and operation of ports, cargo terminals, shipyards, workshops, and warehouses; river and sea navigation, coastal navigation, and storage of goods; and provision of logistics services and other related activities. It also offers maritime transportation, port terminals, and warehousing services. In addition, the company provides cargo storage and lifting, river transport, handling and storage, specialized cargo terminal, leases navigation, and shipping assets, as well as offers financial transactions agency. It operates four port terminals with 16.7 million tons total loading capacity; and current waterway fleet, which has 484 cargo barges, 24 main tugboats, 7 auxiliary tugboats. Hidrovias do Brasil S.A. was incorporated in 2010 and is headquartered in São Paulo, Brazil.",3.95,-3.1862717,5373511168,79.0,0.03765,172.435,,-183040496.0,0.3793,0.697,2.972,2214508,-0.059660003,4.39,2.06,"A Hidrovias do Brasil S.A. oferece soluções logísticas integradas para vias navegáveis no Brasil e internacionalmente, gerando valor por meio da transportação de mercadorias, construção e operação de portos, terminais de carga, estaleiros, oficinas e armazéns. O modelo de negócio da empresa busca aproveitar as oportunidades de crescimento no setor de logística e transporte aquaviário. No entanto, a geração de valor está diretamente relacionada à eficiência operacional e à capacidade de gerar caixa.","Os fundamentos da Hidrovias do Brasil S.A. apresentam desafios significativos. O P/L de 79,0 indica um preço alto em relação ao lucro, enquanto o ROE de 0,03765 sugere uma baixa rentabilidade sobre o patrimônio líquido. Além disso, o fluxo de caixa operacional negativo (FCF de -183040496,0) e a margem operacional negativa (-0,059660003) apontam para problemas de gestão de caixa e eficiência operacional. O beta de 0,697 e o fato de a ação estar a 81% do seu range de 52 semanas sugerem um momento de relativa estabilidade, mas com potencial para volatilidade. A liquidez corrente de 2,972 é um ponto positivo, indicando capacidade de honrar compromissos de curto prazo.","{""positivas"": [], ""negativas"": [""Hidrovias do Brasil tem prejuízo de R$ 361 mi no 4º tri, baixa anual de 11%""], ""neutras"": [""Ultrapar tem resultados sólidos com Ipiranga, Hidrovias e Ultragaz e ações reagem"", ""Ultra (UGPA3) lucra R$ 256 mi no 4º tri; estima investimento de R$ 2,6 bi em 2026""]}","{""geral"": ""neutro"", ""noticias"": ""neutro"", ""fundamentos"": ""negativo""}","[""Qual é o plano de ação da empresa para reverter o prejuízo e melhorar a eficiência operacional?"", ""Como a empresa pretende lidar com a concorrência no setor de logística e transporte aquaviário?"", ""Quais são as perspectivas de crescimento da empresa nos próximos anos, considerando o atual cenário econômico?""]",
Itaú Unibanco Holding S.A.,ITUB4,Financial Services,Banks - Regional,"Itaú Unibanco Holding S.A. provides various financial products and services to personal and corporate customers in Brazil and internationally. It operates through three segments: Retail Business, Wholesale Business and Activities with the Market + Corporation. The company offers current accounts; funds management; payments and collections; loans; credit and debit cards; investment and commercial banking services; real estate lending and financing services; economic, financial and brokerage advisory; and leasing and foreign exchange services. The company also provides non-life insurance products covering loss, damage, or liability for objects or people, as well as life insurance products covering death and personal accidents. It serves retail customers, account and non-account holders, individuals and legal entities, high income clients, microenterprises, and small companies, as well as middle-market companies and high net worth institutional clients. The company was formerly known as Itaú Unibanco Banco Múltiplo S.A. and changed its name to Itaú Unibanco Holding S.A. in April 2009. The company was incorporated in 1924 and is headquartered in São Paulo, Brazil. Itaú Unibanco Holding S.A. is a subsidiary of IUPAR - Itaú Unibanco Participações S.A.",41.45,-1.1683307,456831598592,10.336658,0.21014,,1.32,,0.0,0.215,,29765394,0.37305,49.67,29.650484,"O Itaú Unibanco é um dos principais bancos do Brasil, oferecendo uma ampla gama de serviços financeiros para clientes pessoa física e jurídica. Sua geração de valor vem da combinação de uma base de clientes sólida, uma rede de distribuição eficaz e uma gestão financeira prudente. Além disso, o banco tem uma presença significativa no mercado de crédito e investimentos, o que ajuda a diversificar suas receitas e manter uma posição competitiva no setor financeiro.","Os fundamentos do Itaú Unibanco apresentam um quadro misto. O P/L de 10.336658 indica que os investidores estão dispostos a pagar um preço premium pelas ações do banco, possivelmente devido à sua solidez e histórico de desempenho. O ROE de 0.21014 é relativamente baixo, o que pode ser um sinal de que o banco precisa melhorar sua eficiência operacional ou aumentar sua margem de lucro. A ausência de dados sobre a dívida e a liquidez corrente limita a análise do risco do banco. O beta de 0.215 sugere que o banco tem uma volatilidade relativamente baixa em comparação com o mercado, o que pode ser atraente para investidores mais conservadores. No entanto, a cotação atual de R$ 41.45 e a capitalização de mercado de R$ 456.831.598.592 indicam que o banco já está sendo avaliado a um preço alto, o que pode limitar o potencial de crescimento a curto prazo.","{""positivas"": [""Ibovespa sobe mais de 1% com possível cessar-fogo no Oriente Médio"", ""Ibovespa sobe com investidor atento a negociações para fim de guerra no Oriente Médio""], ""negativas"": [""Ibovespa recua mais de 1% com vai-e-vem da guerra no Oriente Médio e prévia da inflação"", ""Ibovespa fecha em queda de 1,45% com dúvidas sobre desfecho no Oriente Médio""], ""neutras"": [""Ibovespa vai aos 185 mil com ânimo no exterior por expectativa de pausa na guerra""]}","{""mercado"": ""neutro"", ""setor"": ""neutro"", ""empresa"": ""neutro""}","[""Qual é o impacto da guerra no Oriente Médio no desempenho do Itaú Unibanco?"", ""Como o banco pode melhorar sua eficiência operacional e aumentar sua margem de lucro?"", ""Qual é o potencial de crescimento do Itaú Unibanco a longo prazo, considerando sua posição no mercado e sua estratégia de negócios?""]",
Banco Bradesco S.A.,BBDC4,Financial Services,Banks - Regional,"Banco Bradesco S.A., together with its subsidiaries, provides various banking products and services in Brazil and internationally. The company operates in two segments, Banking and Insurance. It engages in banking operations, including investment, national, international, and private banking, as well as investment fund management, consortium administration, middle market and corporate activities, and leasing. The company also provides retail banking products, such as demand, savings, and time deposits, as well as mutual funds, foreign exchange services, and various loans and advances comprising overdrafts, credit cards, and loans with repayments in installments; and fund management and treasury services, corporate finance, and hedge and finance operations, which include working capital financing. In addition, it provides insurance products, such as life, pension, health, and non-life, as well as related insurance operations, supplemental pension plans, and capitalization bonds. Further, the company offers cards, consortia, service packages and fees, auctions, debt renegotiation, and accounts; and various services comprising related transactions and inquiries, profile and help, purchases and benefits, and permissions. It serves individuals, corporates, and businesses. The company was incorporated in 1943 and is headquartered in Osasco, Brazil.",18.52,-1.5940448,195769597952,8.694836,0.13754,,1.23,,0.0,0.312,,35751853,0.2481,22.12,11.82,"O Banco Bradesco S.A. é uma instituição financeira que opera em dois segmentos, Banking e Insurance, oferecendo uma variedade de produtos e serviços bancários e de seguros no Brasil e internacionalmente. A geração de valor vem principalmente da capacidade do banco em atrair e reter clientes, oferecendo serviços financeiros personalizados e eficientes. Além disso, a gestão eficaz dos riscos e a manutenção de uma base sólida de capital são fundamentais para a sustentabilidade do negócio.","Os fundamentos do Banco Bradesco apresentam um P/L de 8.69, indicando um preço razoável em relação ao lucro. O ROE de 0.1375% sugere uma rentabilidade moderada sobre o patrimônio líquido. A margem operacional de 0.2481% é relativamente baixa, o que pode ser um desafio para a geração de lucros. O beta de 0.312 indica uma volatilidade baixa em relação ao mercado, o que pode ser atraente para investidores mais conservadores. No entanto, a falta de dados sobre a dívida e a liquidez corrente limita a análise mais aprofundada do risco e da saúde financeira do banco.","{""positivas"": [""Bradesco (BBDC4) aprova pagamento de R$ 3 bilhões em JCP aos acionistas""], ""negativas"": [""Ibovespa recua mais de 1% com vai-e-vem da guerra no Oriente Médio e prévia da inflação""], ""neutras"": [""Ibovespa sobe mais de 1% com possível cessar-fogo no Oriente Médio"", ""Ibovespa sobe com investidor atento a negociações para fim de guerra no Oriente Médio"", ""Ibovespa fecha em queda de 1,45% com dúvidas sobre desfecho no Oriente Médio""]}",{},"[""Qual é o impacto da guerra no Oriente Médio na economia brasileira e, consequentemente, no desempenho do Banco Bradesco?"", ""Como o Banco Bradesco planeja manter ou aumentar sua margem operacional em um ambiente de baixas taxas de juros?"", ""Quais são as principais estratégias do Banco Bradesco para atrair e reter clientes em um mercado financeiro cada vez mais competitivo?""]",
OceanPact Serviços Marítimos S.A.,OPCT3,Industrials,Specialty Business Services,"OceanPact Serviços Marítimos S.A. provides services related to the study, protection, monitoring, and sustainable use of the sea, coastline, and marine resources in Brazil and internationally. It operates through two segments, Vessels and Services. The company provides environmental services, such as environmental protection, oceanographic surveys, environmental licensing and studies, operational safety, and environmental remediation; subsea services, including geophysics, geotechnics, inspection, repair, and maintenance services, as well as support services for construction and decommissioning activities; and logistics and engineering services comprising maritime logistics, offshore support base, and port and coastal engineering. It primarily serves the oil and gas sector, as well as other sectors, such as ports, shipping, mining, energy, and telecommunications. The company was incorporated in 2007 and is headquartered in Rio De Janeiro, Brazil.",8.82,-2.108774,1758297856,16.64151,0.10507,206.071,,-156960000.0,0.28676,1.089,2.594,528186,0.10663,9.79,4.94,"A OceanPact Serviços Marítimos S.A. oferece serviços relacionados ao estudo, proteção, monitoramento e uso sustentável do mar, costa e recursos marinhos no Brasil e internacionalmente. A empresa opera em dois segmentos, Vessels e Services, e fornece serviços ambientais, entre outros. A fusão com a CBO cria uma empresa com uma frota combinada de 73 embarcações e uma carteira de contratos de R$ 13,6 bilhões, o que pode ser um fator de geração de valor para a empresa.","Os fundamentos da OceanPact apresentam um P/L de 16,64, um ROE de 0,11%, um Mrg.EBITDA de 0,29 e um Mrg.Oper de 0,11. O FCF é negativo em R$ 156,96 milhões, o que pode ser um sinal de risco. O beta de 1,09 indica uma volatilidade ligeiramente acima da média do mercado. A liquidez corrente é de 2,59, o que pode ser considerado razoável. No entanto, a combinação de um ROE baixo com um P/L alto pode ser um sinal de que o mercado está otimista demais em relação à empresa. Além disso, o fato de a ação estar em 80% do seu range de 52 semanas pode indicar que a empresa está em um momento de alta volatilidade.","{""positivas"": [""A fusão com a CBO cria uma empresa com uma frota combinada de 73 embarcações e uma carteira de contratos de R$ 13,6 bilhões""], ""negativas"": [""A ação caiu apesar da avaliação positiva sobre a fusão com a CBO""], ""neutras"": [""A OceanPact anunciou a fusão com a CBO"", ""A Petrobras, GPA, Ultrapar, Rumo, Azul, Raízen e mais ações para acompanhar hoje""]}",{},"[""Qual é o impacto da fusão com a CBO na geração de caixa da empresa?"", ""Como a empresa planeja utilizar a carteira de contratos de R$ 13,6 bilhões?"", ""Qual é o risco de a empresa não conseguir honrar seus compromissos financeiros com o FCF negativo?""]",
Banco do Estado do Rio Grande do Sul S.A.,BRSR6,Financial Services,Banks - Regional,"Banco do Estado do Rio Grande do Sul S.A., a multiple-service bank, provides a range of banking products and services primarily in Brazil. The company engages in the retail banking, lending, financing and investment, mortgage loan, development, lease portfolio, and foreign exchange activities. It also provides securities brokerage, consortium groups, payment industry solutions, insurance, and pension plan and saving bonds products. Banco do Estado do Rio Grande do Sul S.A. was incorporated in 1928 and is headquartered in Porto Alegre, Brazil.",16.74,-2.956523,6846232576,3.9952266,0.1567,,6.43,,0.0,0.345,,1930193,0.44894,19.2,10.18,,,{},{},[],JSON inválido
Prio S.A.,PRIO3,Energy,Oil & Gas E&P,"Prio S.A., together with its subsidiaries, engages in the exploration, development, and production of oil and natural gas properties in Brazil and internationally. The company holds 100% interest in the Polvo Field covering an area of approximately 134 square kilometers located in the southern portion of the Campos Basin, Rio de Janeiro; and the Frade Field that consists of approximately 154 square kilometers located in the northern region of the Campos Basin, Rio de Janeiro. It also holds interest in the Albacora leste Field and the Wahoo and Itaipu Field located in the Camumu Basin, State of Bahia. In addition, the company imports, exports, refines, sells, and distributes oil, natural gas, fuels, and oil by-products; and engages in the generation, sale, and distribution of electric power, as well as holds interests in other companies. The company was formerly known as Petro Rio S.A. and changed its name to Prio S.A. in May 2023. Prio S.A. was incorporated in 2009 and is headquartered in Rio de Janeiro, Brazil.",70.82,2.9959242,57350991872,25.566788,0.08708999,110.312,,-12695716864.0,0.51533,0.481,1.819,14291043,0.098859996,71.55,32.68,"A Prio S.A. é uma empresa de exploração, desenvolvimento e produção de petróleo e gás natural no Brasil e internacionalmente. Sua geração de valor vem da exploração de campos petrolíferos, como o campo de Polvo, e da produção de petróleo e gás natural. A empresa busca criar valor para seus acionistas por meio da eficiência operacional e da gestão de seus ativos.","Os fundamentos da Prio S.A. apresentam um P/L alto, indicando que os investidores estão dispostos a pagar um preço premium pelas ações da empresa. O ROE baixo sugere que a empresa não está gerando retornos significativos sobre o patrimônio líquido. A margem EBITDA é razoável, mas a margem operacional é baixa, o que pode indicar desafios na gestão de custos. O fluxo de caixa livre é negativo, o que pode ser um sinal de alerta. Considerando o beta baixo, a volatilidade da ação é menor do que a do mercado, o que pode ser atraente para investidores mais conservadores. No entanto, o preço atual está próximo do topo do range de 52 semanas, o que pode indicar que a ação está sobrevalorizada.","{""positivas"": [""Prio (PRIO3) abre segundo poço produtor do campo de Wahoo""], ""negativas"": [""Goldman: Petrobras pode perder competitividade no curto prazo por alta no petróleo""], ""neutras"": [""Fluxo “gringo”: BBA vê fatores para saída do Brasil, mas segue otimista com gatilhos"", ""Ibovespa vai aos 185 mil com ânimo no exterior por expectativa de pausa na guerra"", ""Ibovespa fecha em alta com Petrobras em meio a sinais contraditórios no Oriente Médio""]}","{""geral"": ""neutro""}","[""Qual é o impacto da abertura do segundo poço produtor do campo de Wahoo na produção e nos lucros da empresa?"", ""Como a empresa planeja lidar com a possível perda de competitividade no curto prazo devido à alta no preço do petróleo?"", ""Qual é o potencial de crescimento da empresa nos próximos anos, considerando os fundamentos e as notícias recentes?""]",
